﻿parmseq,command,idnum,parm,label,estimate,stderr,z,p,min95,max95
1,logistic predclass1 alendronate_sodium  if sample_final==1 & _trans2==1,1,alendronate_sodium,(max) alendronate_sodium,-0.17,0.04701405,-3.5586244,3.70E-04,-0.26,-0.08
1,logistic predclass1 allopurinol  if sample_final==1 & _trans2==1,2,allopurinol,(max) allopurinol,0.67,0.03617183,18.594155,3.60E-77,0.6,0.74
1,logistic predclass1 amitriptyline  if sample_final==1 & _trans2==1,3,amitriptyline,(max) amitriptyline,0.32,0.03339053,9.6538633,4.70E-22,0.26,0.39
1,logistic predclass1 amlodipine  if sample_final==1 & _trans2==1,4,amlodipine,(max) amlodipine,2.08,0.01587421,130.96381,0.00E+00,2.05,2.11
1,logistic predclass1 atenolol  if sample_final==1 & _trans2==1,5,atenolol,(max) atenolol,1.51,0.01719451,88.039604,0.00E+00,1.48,1.55
1,logistic predclass1 atorvastatin  if sample_final==1 & _trans2==1,6,atorvastatin,(max) atorvastatin,-2.19,0.07234339,-30.241573,7.00E-201,-2.33,-2.05
1,logistic predclass1 bendroflumethiazide  if sample_final==1 & _trans2==1,7,bendroflumethiazide,(max) bendroflumethiazide,2.45,0.01419578,172.88911,0.00E+00,2.43,2.48
1,logistic predclass1 bisoprolol  if sample_final==1 & _trans2==1,8,bisoprolol,(max) bisoprolol,0.57,0.03271507,17.307062,4.20E-67,0.5,0.63
1,logistic predclass1 calcichew_d3_tablet  if sample_final==1 & _trans2==1,9,calcichew_d3_tablet,(max) calcichew_d3_tablet,-0.18,0.05154529,-3.4935634,4.80E-04,-0.28,-0.08
1,logistic predclass1 candesartan_cilexetil  if sample_final==1 & _trans2==1,10,candesartan_cilexetil,(max) candesartan_cilexetil,1.87,0.02972431,62.791017,0.00E+00,1.81,1.92
1,logistic predclass1 cetirizine  if sample_final==1 & _trans2==1,11,cetirizine,(max) cetirizine,0.27,0.04426014,6.0190795,1.80E-09,0.18,0.35
1,logistic predclass1 chondroitin_product  if sample_final==1 & _trans2==1,12,chondroitin_product,(max) chondroitin_product,-0.43,0.05093445,-8.4147615,3.90E-17,-0.53,-0.33
1,logistic predclass1 citalopram  if sample_final==1 & _trans2==1,13,citalopram,(max) citalopram,0.16,0.03938797,4.0940826,4.20E-05,0.08,0.24
1,logistic predclass1 co_codamol  if sample_final==1 & _trans2==1,14,co_codamol,(max) co_codamol,0.36,0.02961667,12.076169,1.40E-33,0.3,0.42
1,logistic predclass1 cod_liver_oil_capsule  if sample_final==1 & _trans2==1,15,cod_liver_oil_capsule,(max) cod_liver_oil_capsule,-0.13,0.02229637,-6.0327906,1.60E-09,-0.18,-0.09
1,logistic predclass1 diclofenac  if sample_final==1 & _trans2==1,16,diclofenac,(max) diclofenac,0.18,0.03286825,5.5898617,2.30E-08,0.12,0.25
1,logistic predclass1 doxazosin  if sample_final==1 & _trans2==1,17,doxazosin,(max) doxazosin,1.73,0.0290063,59.68743,0.00E+00,1.67,1.79
1,logistic predclass1 evening_primrose_oil  if sample_final==1 & _trans2==1,18,evening_primrose_oil,(max) evening_primrose_oil,-0.33,0.04779239,-6.9332907,4.10E-12,-0.43,-0.24
1,logistic predclass1 fluoxetine  if sample_final==1 & _trans2==1,19,fluoxetine,(max) fluoxetine,0.04,0.05036193,0.82415481,4.10E-01,-0.06,0.14
1,logistic predclass1 garlic_product  if sample_final==1 & _trans2==1,20,garlic_product,(max) garlic_product,0.05,0.04205886,1.1029672,2.70E-01,-0.04,0.13
1,logistic predclass1 glucosamine_product  if sample_final==1 & _trans2==1,21,glucosamine_product,(max) glucosamine_product,-0.18,0.02083897,-8.7277605,2.60E-18,-0.22,-0.14
1,logistic predclass1 ibuprofen  if sample_final==1 & _trans2==1,22,ibuprofen,(max) ibuprofen,-0.14,0.01737003,-7.8913834,3.00E-15,-0.17,-0.1
1,logistic predclass1 insulin_product  if sample_final==1 & _trans2==1,23,insulin_product,(max) insulin_product,-0.22,0.05404232,-4.1053267,4.00E-05,-0.33,-0.12
1,logistic predclass1 lansoprazole  if sample_final==1 & _trans2==1,24,lansoprazole,(max) lansoprazole,0.34,0.02385872,14.195394,9.80E-46,0.29,0.39
1,logistic predclass1 levothyroxine_sodium  if sample_final==1 & _trans2==1,25,levothyroxine_sodium,(max) levothyroxine_sodium,0.28,0.02281277,12.171256,4.40E-34,0.23,0.32
1,logistic predclass1 lisinopril  if sample_final==1 & _trans2==1,26,lisinopril,(max) lisinopril,1.93,0.01930627,99.804854,0.00E+00,1.89,1.96
1,logistic predclass1 multivitamin_mineral_preparation  if sample_final==1 & _trans2==1,27,multivitamin_mineral_preparation,(max) multivitamin_mineral_preparation,-0.27,0.04982537,-5.5089552,3.60E-08,-0.37,-0.18
1,logistic predclass1 multivitamins  if sample_final==1 & _trans2==1,28,multivitamins,(max) multivitamins,-0.36,0.03431229,-10.537378,5.80E-26,-0.43,-0.29
1,logistic predclass1 omega_3_fish_oil_supplement  if sample_final==1 & _trans2==1,29,omega_3_fish_oil_supplement,(max) omega_3_fish_oil_supplement,-0.17,0.02763801,-6.2139234,5.20E-10,-0.23,-0.12
1,logistic predclass1 omeprazole  if sample_final==1 & _trans2==1,30,omeprazole,(max) omeprazole,0.28,0.01920697,14.447742,2.60E-47,0.24,0.32
1,logistic predclass1 paracetamol  if sample_final==1 & _trans2==1,31,paracetamol,(max) paracetamol,0.14,0.01320536,10.483399,1.00E-25,0.11,0.16
1,logistic predclass1 perindopril  if sample_final==1 & _trans2==1,32,perindopril,(max) perindopril,1.5,0.02721349,55.051527,0.00E+00,1.44,1.55
1,logistic predclass1 ramipril  if sample_final==1 & _trans2==1,33,ramipril,(max) ramipril,1.58,0.01595067,99.001656,0.00E+00,1.55,1.61
1,logistic predclass1 ranitidine  if sample_final==1 & _trans2==1,34,ranitidine,(max) ranitidine,0.19,0.03734345,5.0671451,4.00E-07,0.12,0.26
1,logistic predclass1 salbutamol  if sample_final==1 & _trans2==1,35,salbutamol,(max) salbutamol,0.34,0.04204013,8.0667734,7.20E-16,0.26,0.42
1,logistic predclass1 seretide_50_evohaler  if sample_final==1 & _trans2==1,36,seretide_50_evohaler,(max) seretide_50_evohaler,0.24,0.04368963,5.5399149,3.00E-08,0.16,0.33
1,logistic predclass1 simvastatin  if sample_final==1 & _trans2==1,37,simvastatin,(max) simvastatin,-1.86,0.03041699,-61.039744,0.00E+00,-1.92,-1.8
1,logistic predclass1 thyroxine_product  if sample_final==1 & _trans2==1,38,thyroxine_product,(max) thyroxine_product,-0.18,0.04950055,-3.6359623,2.80E-04,-0.28,-0.08
1,logistic predclass1 tramadol  if sample_final==1 & _trans2==1,39,tramadol,(max) tramadol,0.47,0.04189072,11.104731,1.20E-28,0.38,0.55
1,logistic predclass1 ventolin_100micrograms_inhaler  if sample_final==1 & _trans2==1,40,ventolin_100micrograms_inhaler,(max) ventolin_100micrograms_inhaler,0.11,0.03110098,3.3913075,7.00E-04,0.04,0.17
1,logistic predclass1 vitamin_c_product  if sample_final==1 & _trans2==1,41,vitamin_c_product,(max) vitamin_c_product,-0.4,0.05434905,-7.2699307,3.60E-13,-0.5,-0.29
1,logistic predclass2 alendronate_sodium  if sample_final==1 & _trans2==1,42,alendronate_sodium,(max) alendronate_sodium,-0.14,0.04525742,-3.1690966,1.50E-03,-0.23,-0.05
1,logistic predclass2 allopurinol  if sample_final==1 & _trans2==1,43,allopurinol,(max) allopurinol,1.05,0.03235205,32.362035,9.00E-230,0.98,1.11
1,logistic predclass2 amitriptyline  if sample_final==1 & _trans2==1,44,amitriptyline,(max) amitriptyline,0.42,0.03157665,13.303676,2.20E-40,0.36,0.48
1,logistic predclass2 amlodipine  if sample_final==1 & _trans2==1,45,amlodipine,(max) amlodipine,1.34,0.01663254,80.428955,0.00E+00,1.31,1.37
1,logistic predclass2 atenolol  if sample_final==1 & _trans2==1,46,atenolol,(max) atenolol,1.48,0.01703273,87.10696,0.00E+00,1.45,1.52
1,logistic predclass2 atorvastatin  if sample_final==1 & _trans2==1,47,_cons,Constant,-1.92,0.00506322,-378.58618,0.00E+00,-1.93,-1.91
1,logistic predclass2 bendroflumethiazide  if sample_final==1 & _trans2==1,48,bendroflumethiazide,(max) bendroflumethiazide,1.16,0.0151737,76.140169,0.00E+00,1.13,1.19
1,logistic predclass2 bisoprolol  if sample_final==1 & _trans2==1,49,bisoprolol,(max) bisoprolol,1.57,0.02622174,59.941802,0.00E+00,1.52,1.62
1,logistic predclass2 calcichew_d3_tablet  if sample_final==1 & _trans2==1,50,calcichew_d3_tablet,(max) calcichew_d3_tablet,-0.22,0.05089922,-4.3689267,1.20E-05,-0.32,-0.12
1,logistic predclass2 candesartan_cilexetil  if sample_final==1 & _trans2==1,51,candesartan_cilexetil,(max) candesartan_cilexetil,1.22,0.03166098,38.442684,0.00E+00,1.16,1.28
1,logistic predclass2 cetirizine  if sample_final==1 & _trans2==1,52,cetirizine,(max) cetirizine,0.25,0.04335491,5.8082634,6.30E-09,0.17,0.34
1,logistic predclass2 chondroitin_product  if sample_final==1 & _trans2==1,53,_cons,Constant,-1.94,0.00505527,-384.08461,0.00E+00,-1.95,-1.93
1,logistic predclass2 citalopram  if sample_final==1 & _trans2==1,54,citalopram,(max) citalopram,0.2,0.03781281,5.3684303,7.90E-08,0.13,0.28
1,logistic predclass2 co_codamol  if sample_final==1 & _trans2==1,55,co_codamol,(max) co_codamol,0.49,0.02773189,17.770036,1.20E-70,0.44,0.55
1,logistic predclass2 cod_liver_oil_capsule  if sample_final==1 & _trans2==1,56,cod_liver_oil_capsule,(max) cod_liver_oil_capsule,-1.06,0.03112696,-34.179384,5.00E-256,-1.12,-1
1,logistic predclass2 diclofenac  if sample_final==1 & _trans2==1,57,diclofenac,(max) diclofenac,0.17,0.03213949,5.3564524,8.50E-08,0.11,0.24
1,logistic predclass2 doxazosin  if sample_final==1 & _trans2==1,58,doxazosin,(max) doxazosin,1.2,0.03071438,39.102885,0.00E+00,1.14,1.26
1,logistic predclass2 evening_primrose_oil  if sample_final==1 & _trans2==1,59,evening_primrose_oil,(max) evening_primrose_oil,-2.46,0.12211382,-20.135182,3.60E-90,-2.7,-2.22
1,logistic predclass2 fluoxetine  if sample_final==1 & _trans2==1,60,fluoxetine,(max) fluoxetine,0.26,0.04545791,5.6118124,2.00E-08,0.17,0.34
1,logistic predclass2 garlic_product  if sample_final==1 & _trans2==1,61,garlic_product,(max) garlic_product,-5.56,0.57748426,-9.6201634,6.60E-22,-6.69,-4.42
1,logistic predclass2 glucosamine_product  if sample_final==1 & _trans2==1,62,glucosamine_product,(max) glucosamine_product,-1.91,0.04132851,-46.094154,0.00E+00,-1.99,-1.82
1,logistic predclass2 ibuprofen  if sample_final==1 & _trans2==1,63,ibuprofen,(max) ibuprofen,-0.47,0.01887733,-25.088694,7.00E-139,-0.51,-0.44
1,logistic predclass2 insulin_product  if sample_final==1 & _trans2==1,64,insulin_product,(max) insulin_product,1.7,0.03231342,52.764088,0.00E+00,1.64,1.77
1,logistic predclass2 lansoprazole  if sample_final==1 & _trans2==1,65,lansoprazole,(max) lansoprazole,0.72,0.02097249,34.095207,9.00E-255,0.67,0.76
1,logistic predclass2 levothyroxine_sodium  if sample_final==1 & _trans2==1,66,levothyroxine_sodium,(max) levothyroxine_sodium,0.39,0.02152408,17.935818,6.20E-72,0.34,0.43
1,logistic predclass2 lisinopril  if sample_final==1 & _trans2==1,67,lisinopril,(max) lisinopril,1.4,0.0200103,70.149715,0.00E+00,1.36,1.44
1,logistic predclass2 multivitamin_mineral_preparation  if sample_final==1 & _trans2==1,68,multivitamin_mineral_preparation,(max) multivitamin_mineral_preparation,-1.6,0.08649116,-18.50724,1.80E-76,-1.77,-1.43
1,logistic predclass2 multivitamins  if sample_final==1 & _trans2==1,69,multivitamins,(max) multivitamins,-1.64,0.05809028,-28.286497,5.00E-176,-1.76,-1.53
1,logistic predclass2 omega_3_fish_oil_supplement  if sample_final==1 & _trans2==1,70,omega_3_fish_oil_supplement,(max) omega_3_fish_oil_supplement,-1.33,0.04325444,-30.661751,2.00E-206,-1.41,-1.24
1,logistic predclass2 omeprazole  if sample_final==1 & _trans2==1,71,omeprazole,(max) omeprazole,0.62,0.01710026,36.046495,2.00E-284,0.58,0.65
1,logistic predclass2 paracetamol  if sample_final==1 & _trans2==1,72,paracetamol,(max) paracetamol,-0.05,0.01343099,-3.4830236,5.00E-04,-0.07,-0.02
1,logistic predclass2 perindopril  if sample_final==1 & _trans2==1,73,perindopril,(max) perindopril,1.42,0.02718376,52.294968,0.00E+00,1.37,1.47
1,logistic predclass2 ramipril  if sample_final==1 & _trans2==1,74,ramipril,(max) ramipril,1.59,0.01573383,101.09512,0.00E+00,1.56,1.62
1,logistic predclass2 ranitidine  if sample_final==1 & _trans2==1,75,ranitidine,(max) ranitidine,0.4,0.03396307,11.749368,7.10E-32,0.33,0.47
1,logistic predclass2 salbutamol  if sample_final==1 & _trans2==1,76,salbutamol,(max) salbutamol,0.63,0.03756275,16.709684,1.10E-62,0.55,0.7
1,logistic predclass2 seretide_50_evohaler  if sample_final==1 & _trans2==1,77,seretide_50_evohaler,(max) seretide_50_evohaler,0.18,0.04352867,4.0771453,4.60E-05,0.09,0.26
1,logistic predclass2 simvastatin  if sample_final==1 & _trans2==1,78,simvastatin,(max) simvastatin,8.93,0.0557121,160.20845,0.00E+00,8.82,9.03
1,logistic predclass2 thyroxine_product  if sample_final==1 & _trans2==1,79,thyroxine_product,(max) thyroxine_product,-0.26,0.04962901,-5.2627506,1.40E-07,-0.36,-0.16
1,logistic predclass2 tramadol  if sample_final==1 & _trans2==1,80,tramadol,(max) tramadol,0.56,0.03973669,14.147688,1.90E-45,0.48,0.64
1,logistic predclass2 ventolin_100micrograms_inhaler  if sample_final==1 & _trans2==1,81,ventolin_100micrograms_inhaler,(max) ventolin_100micrograms_inhaler,-0.1,0.03261033,-3.1686515,1.50E-03,-0.17,-0.04
1,logistic predclass2 vitamin_c_product  if sample_final==1 & _trans2==1,82,vitamin_c_product,(max) vitamin_c_product,-2.5,0.1382573,-18.074357,5.10E-73,-2.77,-2.23
1,logistic predclass3 alendronate_sodium  if sample_final==1 & _trans2==1,83,alendronate_sodium,(max) alendronate_sodium,-1.68,0.16097355,-10.429928,1.80E-25,-1.99,-1.36
1,logistic predclass3 allopurinol  if sample_final==1 & _trans2==1,84,allopurinol,(max) allopurinol,-1.93,0.18645149,-10.327983,5.30E-25,-2.29,-1.56
1,logistic predclass3 amitriptyline  if sample_final==1 & _trans2==1,85,amitriptyline,(max) amitriptyline,-0.42,0.07460506,-5.6828047,1.30E-08,-0.57,-0.28
1,logistic predclass3 amlodipine  if sample_final==1 & _trans2==1,86,_cons,Constant,-3.14,0.008563,-366.93099,0.00E+00,-3.16,-3.13
1,logistic predclass3 atenolol  if sample_final==1 & _trans2==1,87,atenolol,(max) atenolol,-2.66,0.14189341,-18.712314,3.90E-78,-2.93,-2.38
1,logistic predclass3 atorvastatin  if sample_final==1 & _trans2==1,88,_cons,Constant,-3.16,0.00856015,-368.95037,0.00E+00,-3.18,-3.14
1,logistic predclass3 bendroflumethiazide  if sample_final==1 & _trans2==1,89,bendroflumethiazide,(max) bendroflumethiazide,-4.49,0.28887314,-15.559389,1.40E-54,-5.06,-3.93
1,logistic predclass3 bisoprolol  if sample_final==1 & _trans2==1,90,bisoprolol,(max) bisoprolol,-4.19,0.50022249,-8.3755817,5.50E-17,-5.17,-3.21
1,logistic predclass3 calcichew_d3_tablet  if sample_final==1 & _trans2==1,91,calcichew_d3_tablet,(max) calcichew_d3_tablet,-1.33,0.14848817,-8.9709342,2.90E-19,-1.62,-1.04
1,logistic predclass3 candesartan_cilexetil  if sample_final==1 & _trans2==1,92,_cons,Constant,-3.18,0.00855595,-371.97904,0.00E+00,-3.2,-3.17
1,logistic predclass3 cetirizine  if sample_final==1 & _trans2==1,93,cetirizine,(max) cetirizine,-0.35,0.09417105,-3.7106163,2.10E-04,-0.53,-0.16
1,logistic predclass3 chondroitin_product  if sample_final==1 & _trans2==1,94,_cons,Constant,-3.18,0.00855625,-371.75383,0.00E+00,-3.2,-3.16
1,logistic predclass3 citalopram  if sample_final==1 & _trans2==1,95,citalopram,(max) citalopram,0.91,0.04706154,19.330771,3.00E-83,0.82,1
1,logistic predclass3 co_codamol  if sample_final==1 & _trans2==1,96,co_codamol,(max) co_codamol,-0.76,0.07791512,-9.7259655,2.30E-22,-0.91,-0.61
1,logistic predclass3 cod_liver_oil_capsule  if sample_final==1 & _trans2==1,97,cod_liver_oil_capsule,(max) cod_liver_oil_capsule,-1.55,0.07018078,-22.12508,2.00E-108,-1.69,-1.42
1,logistic predclass3 diclofenac  if sample_final==1 & _trans2==1,98,diclofenac,(max) diclofenac,-0.43,0.07012815,-6.1140803,9.70E-10,-0.57,-0.29
1,logistic predclass3 doxazosin  if sample_final==1 & _trans2==1,99,doxazosin,(max) doxazosin,-3.74,0.44751619,-8.3520287,6.70E-17,-4.61,-2.86
1,logistic predclass3 evening_primrose_oil  if sample_final==1 & _trans2==1,100,evening_primrose_oil,(max) evening_primrose_oil,-1.16,0.11892361,-9.7383038,2.10E-22,-1.39,-0.93
1,logistic predclass3 fluoxetine  if sample_final==1 & _trans2==1,101,fluoxetine,(max) fluoxetine,0.9,0.0574385,15.718134,1.10E-55,0.79,1.02
1,logistic predclass3 garlic_product  if sample_final==1 & _trans2==1,102,_cons,Constant,-3.18,0.00855629,-371.73132,0.00E+00,-3.2,-3.16
1,logistic predclass3 glucosamine_product  if sample_final==1 & _trans2==1,103,glucosamine_product,(max) glucosamine_product,-1.53,0.06326191,-24.183088,3.00E-129,-1.65,-1.41
1,logistic predclass3 ibuprofen  if sample_final==1 & _trans2==1,104,ibuprofen,(max) ibuprofen,4,0.02293987,174.17372,0.00E+00,3.95,4.04
1,logistic predclass3 insulin_product  if sample_final==1 & _trans2==1,105,insulin_product,(max) insulin_product,-3.16,0.3783915,-8.361461,6.20E-17,-3.91,-2.42
1,logistic predclass3 lansoprazole  if sample_final==1 & _trans2==1,106,lansoprazole,(max) lansoprazole,-1.29,0.07924658,-16.300122,9.80E-60,-1.45,-1.14
1,logistic predclass3 levothyroxine_sodium  if sample_final==1 & _trans2==1,107,levothyroxine_sodium,(max) levothyroxine_sodium,-0.49,0.05100227,-9.6146367,6.90E-22,-0.59,-0.39
1,logistic predclass3 lisinopril  if sample_final==1 & _trans2==1,108,lisinopril,(max) lisinopril,-5.12,0.57748185,-8.8613129,7.90E-19,-6.25,-3.99
1,logistic predclass3 multivitamin_mineral_preparation  if sample_final==1 & _trans2==1,109,multivitamin_mineral_preparation,(max) multivitamin_mineral_preparation,-0.17,0.07965264,-2.1180009,3.40E-02,-0.32,-0.01
1,logistic predclass3 multivitamins  if sample_final==1 & _trans2==1,110,multivitamins,(max) multivitamins,-0.88,0.07330065,-11.948331,6.60E-33,-1.02,-0.73
1,logistic predclass3 omega_3_fish_oil_supplement  if sample_final==1 & _trans2==1,111,omega_3_fish_oil_supplement,(max) omega_3_fish_oil_supplement,-1.76,0.09651365,-18.271223,1.40E-74,-1.95,-1.57
1,logistic predclass3 omeprazole  if sample_final==1 & _trans2==1,112,omeprazole,(max) omeprazole,-0.79,0.04853556,-16.377609,2.80E-60,-0.89,-0.7
1,logistic predclass3 paracetamol  if sample_final==1 & _trans2==1,113,paracetamol,(max) paracetamol,4.5,0.0351913,127.96063,0.00E+00,4.43,4.57
1,logistic predclass3 perindopril  if sample_final==1 & _trans2==1,114,_cons,Constant,-3.18,0.00855663,-371.48346,0.00E+00,-3.2,-3.16
1,logistic predclass3 ramipril  if sample_final==1 & _trans2==1,115,_cons,Constant,-3.14,0.00856367,-366.46676,0.00E+00,-3.16,-3.12
1,logistic predclass3 ranitidine  if sample_final==1 & _trans2==1,116,ranitidine,(max) ranitidine,1.44,0.03747347,38.43664,0.00E+00,1.37,1.51
1,logistic predclass3 salbutamol  if sample_final==1 & _trans2==1,117,salbutamol,(max) salbutamol,-0.91,0.11913826,-7.5999896,3.00E-14,-1.14,-0.67
1,logistic predclass3 seretide_50_evohaler  if sample_final==1 & _trans2==1,118,_cons,Constant,-3.18,0.00855576,-372.1181,0.00E+00,-3.2,-3.17
1,logistic predclass3 simvastatin  if sample_final==1 & _trans2==1,119,_cons,Constant,-3.04,0.00858163,-354.48202,0.00E+00,-3.06,-3.03
1,logistic predclass3 thyroxine_product  if sample_final==1 & _trans2==1,120,thyroxine_product,(max) thyroxine_product,0.98,0.05051347,19.394356,8.60E-84,0.88,1.08
1,logistic predclass3 tramadol  if sample_final==1 & _trans2==1,121,tramadol,(max) tramadol,-1.22,0.1439799,-8.4652134,2.60E-17,-1.5,-0.94
1,logistic predclass3 ventolin_100micrograms_inhaler  if sample_final==1 & _trans2==1,122,ventolin_100micrograms_inhaler,(max) ventolin_100micrograms_inhaler,-0.26,0.05957451,-4.2830721,1.80E-05,-0.37,-0.14
1,logistic predclass3 vitamin_c_product  if sample_final==1 & _trans2==1,123,vitamin_c_product,(max) vitamin_c_product,-1.54,0.15904196,-9.6998144,3.00E-22,-1.85,-1.23
1,logistic predclass4 alendronate_sodium  if sample_final==1 & _trans2==1,124,alendronate_sodium,(max) alendronate_sodium,-0.07,0.10765191,-0.61508442,5.40E-01,-0.28,0.14
1,logistic predclass4 allopurinol  if sample_final==1 & _trans2==1,125,allopurinol,(max) allopurinol,0.67,0.07884945,8.4938449,2.00E-17,0.52,0.82
1,logistic predclass4 amitriptyline  if sample_final==1 & _trans2==1,126,amitriptyline,(max) amitriptyline,0.42,0.07297267,5.808139,6.30E-09,0.28,0.57
1,logistic predclass4 amlodipine  if sample_final==1 & _trans2==1,127,amlodipine,(max) amlodipine,0.7,0.04211321,16.584787,9.00E-62,0.62,0.78
1,logistic predclass4 atenolol  if sample_final==1 & _trans2==1,128,atenolol,(max) atenolol,0.87,0.04124088,20.995032,7.30E-98,0.79,0.95
1,logistic predclass4 atorvastatin  if sample_final==1 & _trans2==1,129,atorvastatin,(max) atorvastatin,1.35,0.03853538,35.005069,2.00E-268,1.27,1.42
1,logistic predclass4 bendroflumethiazide  if sample_final==1 & _trans2==1,130,bendroflumethiazide,(max) bendroflumethiazide,0.89,0.03508991,25.23489,2.00E-140,0.82,0.95
1,logistic predclass4 bisoprolol  if sample_final==1 & _trans2==1,131,bisoprolol,(max) bisoprolol,0.63,0.07034758,9.0026306,2.20E-19,0.5,0.77
1,logistic predclass4 calcichew_d3_tablet  if sample_final==1 & _trans2==1,132,calcichew_d3_tablet,(max) calcichew_d3_tablet,0.42,0.09379742,4.4519357,8.50E-06,0.23,0.6
1,logistic predclass4 candesartan_cilexetil  if sample_final==1 & _trans2==1,133,candesartan_cilexetil,(max) candesartan_cilexetil,0.81,0.07490858,10.828417,2.50E-27,0.66,0.96
1,logistic predclass4 cetirizine  if sample_final==1 & _trans2==1,134,cetirizine,(max) cetirizine,0.53,0.09029698,5.860859,4.60E-09,0.35,0.71
1,logistic predclass4 chondroitin_product  if sample_final==1 & _trans2==1,135,chondroitin_product,(max) chondroitin_product,2.56,0.03826914,66.801445,0.00E+00,2.48,2.63
1,logistic predclass4 citalopram  if sample_final==1 & _trans2==1,136,citalopram,(max) citalopram,-0.01,0.0992793,-0.09987574,9.20E-01,-0.2,0.18
1,logistic predclass4 co_codamol  if sample_final==1 & _trans2==1,137,co_codamol,(max) co_codamol,0.74,0.05733413,12.84349,9.40E-38,0.62,0.85
1,logistic predclass4 cod_liver_oil_capsule  if sample_final==1 & _trans2==1,138,cod_liver_oil_capsule,(max) cod_liver_oil_capsule,2.43,0.02580494,94.256628,0.00E+00,2.38,2.48
1,logistic predclass4 diclofenac  if sample_final==1 & _trans2==1,139,diclofenac,(max) diclofenac,0.76,0.05943982,12.721293,4.50E-37,0.64,0.87
1,logistic predclass4 doxazosin  if sample_final==1 & _trans2==1,140,doxazosin,(max) doxazosin,0.52,0.08226883,6.3637369,2.00E-10,0.36,0.68
1,logistic predclass4 evening_primrose_oil  if sample_final==1 & _trans2==1,141,evening_primrose_oil,(max) evening_primrose_oil,1.88,0.04572307,41.020201,0.00E+00,1.79,1.97
1,logistic predclass4 fluoxetine  if sample_final==1 & _trans2==1,142,fluoxetine,(max) fluoxetine,0.12,0.11437638,1.053003,2.90E-01,-0.1,0.34
1,logistic predclass4 garlic_product  if sample_final==1 & _trans2==1,143,garlic_product,(max) garlic_product,3.01,0.03464509,86.892374,0.00E+00,2.94,3.08
1,logistic predclass4 glucosamine_product  if sample_final==1 & _trans2==1,144,glucosamine_product,(max) glucosamine_product,3.09,0.0258178,119.52872,0.00E+00,3.04,3.14
1,logistic predclass4 ibuprofen  if sample_final==1 & _trans2==1,145,ibuprofen,(max) ibuprofen,0.1,0.0380196,2.5218885,1.20E-02,0.02,0.17
1,logistic predclass4 insulin_product  if sample_final==1 & _trans2==1,146,insulin_product,(max) insulin_product,0.49,0.09350808,5.2512562,1.50E-07,0.31,0.67
1,logistic predclass4 lansoprazole  if sample_final==1 & _trans2==1,147,lansoprazole,(max) lansoprazole,0.53,0.05048127,10.404843,2.40E-25,0.43,0.62
1,logistic predclass4 levothyroxine_sodium  if sample_final==1 & _trans2==1,148,levothyroxine_sodium,(max) levothyroxine_sodium,0.54,0.0471809,11.441374,2.60E-30,0.45,0.63
1,logistic predclass4 lisinopril  if sample_final==1 & _trans2==1,149,lisinopril,(max) lisinopril,0.77,0.04976601,15.411906,1.40E-53,0.67,0.86
1,logistic predclass4 multivitamin_mineral_preparation  if sample_final==1 & _trans2==1,150,multivitamin_mineral_preparation,(max) multivitamin_mineral_preparation,1.95,0.0472603,41.163682,0.00E+00,1.85,2.04
1,logistic predclass4 multivitamins  if sample_final==1 & _trans2==1,151,multivitamins,(max) multivitamins,2.26,0.03137636,72.127314,0.00E+00,2.2,2.32
1,logistic predclass4 omega_3_fish_oil_supplement  if sample_final==1 & _trans2==1,152,omega_3_fish_oil_supplement,(max) omega_3_fish_oil_supplement,2.58,0.02735955,94.437147,0.00E+00,2.53,2.64
1,logistic predclass4 omeprazole  if sample_final==1 & _trans2==1,153,omeprazole,(max) omeprazole,0.6,0.03923654,15.211941,2.90E-52,0.52,0.67
1,logistic predclass4 paracetamol  if sample_final==1 & _trans2==1,154,paracetamol,(max) paracetamol,0.37,0.02908979,12.669364,8.70E-37,0.31,0.43
1,logistic predclass4 perindopril  if sample_final==1 & _trans2==1,155,perindopril,(max) perindopril,0.65,0.07116962,9.1374094,6.40E-20,0.51,0.79
1,logistic predclass4 ramipril  if sample_final==1 & _trans2==1,156,ramipril,(max) ramipril,0.72,0.0406166,17.771848,1.20E-70,0.64,0.8
1,logistic predclass4 ranitidine  if sample_final==1 & _trans2==1,157,ranitidine,(max) ranitidine,0.36,0.08010974,4.5293778,5.90E-06,0.21,0.52
1,logistic predclass4 salbutamol  if sample_final==1 & _trans2==1,158,salbutamol,(max) salbutamol,0.21,0.10191268,2.0259804,4.30E-02,0.01,0.41
1,logistic predclass4 seretide_50_evohaler  if sample_final==1 & _trans2==1,159,seretide_50_evohaler,(max) seretide_50_evohaler,-0.18,0.12285043,-1.4668954,1.40E-01,-0.42,0.06
1,logistic predclass4 simvastatin  if sample_final==1 & _trans2==1,160,simvastatin,(max) simvastatin,2.33,0.02537217,91.872772,0.00E+00,2.28,2.38
1,logistic predclass4 thyroxine_product  if sample_final==1 & _trans2==1,161,thyroxine_product,(max) thyroxine_product,0.1,0.10440242,0.94289021,3.50E-01,-0.11,0.3
1,logistic predclass4 tramadol  if sample_final==1 & _trans2==1,162,tramadol,(max) tramadol,0.49,0.09311977,5.2087274,1.90E-07,0.3,0.67
1,logistic predclass4 ventolin_100micrograms_inhaler  if sample_final==1 & _trans2==1,163,ventolin_100micrograms_inhaler,(max) ventolin_100micrograms_inhaler,-0.25,0.08574371,-2.9143406,3.60E-03,-0.42,-0.08
1,logistic predclass4 vitamin_c_product  if sample_final==1 & _trans2==1,164,vitamin_c_product,(max) vitamin_c_product,2.15,0.04577024,46.928965,0.00E+00,2.06,2.24
1,logistic predclass5 alendronate_sodium  if sample_final==1 & _trans2==1,165,alendronate_sodium,(max) alendronate_sodium,1.42,0.03969082,35.700656,4.00E-279,1.34,1.49
1,logistic predclass5 allopurinol  if sample_final==1 & _trans2==1,166,allopurinol,(max) allopurinol,-0.03,0.07167348,-0.44885797,6.50E-01,-0.17,0.11
1,logistic predclass5 amitriptyline  if sample_final==1 & _trans2==1,167,amitriptyline,(max) amitriptyline,2.48,0.02680862,92.554362,0.00E+00,2.43,2.53
1,logistic predclass5 amlodipine  if sample_final==1 & _trans2==1,168,amlodipine,(max) amlodipine,-5.69,0.57745444,-9.860747,6.20E-23,-6.83,-4.56
1,logistic predclass5 atenolol  if sample_final==1 & _trans2==1,169,atenolol,(max) atenolol,-2.9,0.15117374,-19.186038,4.80E-82,-3.2,-2.6
1,logistic predclass5 atorvastatin  if sample_final==1 & _trans2==1,170,atorvastatin,(max) atorvastatin,-5.74,0.70720767,-8.1108062,5.00E-16,-7.12,-4.35
1,logistic predclass5 bendroflumethiazide  if sample_final==1 & _trans2==1,171,bendroflumethiazide,(max) bendroflumethiazide,-2.18,0.08668899,-25.120173,3.00E-139,-2.35,-2.01
1,logistic predclass5 bisoprolol  if sample_final==1 & _trans2==1,172,bisoprolol,(max) bisoprolol,-1.71,0.13817741,-12.381535,3.30E-35,-1.98,-1.44
1,logistic predclass5 calcichew_d3_tablet  if sample_final==1 & _trans2==1,173,calcichew_d3_tablet,(max) calcichew_d3_tablet,1.26,0.04539342,27.734202,3.00E-169,1.17,1.35
1,logistic predclass5 candesartan_cilexetil  if sample_final==1 & _trans2==1,174,candesartan_cilexetil,(max) candesartan_cilexetil,-4.7,0.70730278,-6.6464544,3.00E-11,-6.09,-3.31
1,logistic predclass5 cetirizine  if sample_final==1 & _trans2==1,175,cetirizine,(max) cetirizine,1.92,0.03778969,50.910115,0.00E+00,1.85,2
1,logistic predclass5 chondroitin_product  if sample_final==1 & _trans2==1,176,chondroitin_product,(max) chondroitin_product,-4.13,0.50024764,-8.2612686,1.40E-16,-5.11,-3.15
1,logistic predclass5 citalopram  if sample_final==1 & _trans2==1,177,citalopram,(max) citalopram,1.5,0.03672524,40.932226,0.00E+00,1.43,1.58
1,logistic predclass5 co_codamol  if sample_final==1 & _trans2==1,178,co_codamol,(max) co_codamol,2.89,0.02350752,123.10993,0.00E+00,2.85,2.94
1,logistic predclass5 cod_liver_oil_capsule  if sample_final==1 & _trans2==1,179,cod_liver_oil_capsule,(max) cod_liver_oil_capsule,-1.78,0.07387952,-24.086168,3.00E-128,-1.92,-1.63
1,logistic predclass5 diclofenac  if sample_final==1 & _trans2==1,180,diclofenac,(max) diclofenac,2.48,0.02541952,97.653078,0.00E+00,2.43,2.53
1,logistic predclass5 doxazosin  if sample_final==1 & _trans2==1,181,doxazosin,(max) doxazosin,-3.16,0.31664441,-9.9776825,1.90E-23,-3.78,-2.54
1,logistic predclass5 evening_primrose_oil  if sample_final==1 & _trans2==1,182,evening_primrose_oil,(max) evening_primrose_oil,-1.71,0.14670459,-11.638797,2.60E-31,-2,-1.42
1,logistic predclass5 fluoxetine  if sample_final==1 & _trans2==1,183,fluoxetine,(max) fluoxetine,1.62,0.04297332,37.612277,0.00E+00,1.53,1.7
1,logistic predclass5 garlic_product  if sample_final==1 & _trans2==1,184,garlic_product,(max) garlic_product,-3.92,0.44749319,-8.7621458,1.90E-18,-4.8,-3.04
1,logistic predclass5 glucosamine_product  if sample_final==1 & _trans2==1,185,glucosamine_product,(max) glucosamine_product,-1.84,0.06927036,-26.571616,1.00E-155,-1.98,-1.7
1,logistic predclass5 ibuprofen  if sample_final==1 & _trans2==1,186,ibuprofen,(max) ibuprofen,0.16,0.02460239,6.5002876,8.00E-11,0.11,0.21
1,logistic predclass5 insulin_product  if sample_final==1 & _trans2==1,187,insulin_product,(max) insulin_product,-1.58,0.16319758,-9.6728673,3.90E-22,-1.9,-1.26
1,logistic predclass5 lansoprazole  if sample_final==1 & _trans2==1,188,lansoprazole,(max) lansoprazole,1.78,0.02313389,77.068729,0.00E+00,1.74,1.83
1,logistic predclass5 levothyroxine_sodium  if sample_final==1 & _trans2==1,189,levothyroxine_sodium,(max) levothyroxine_sodium,0.82,0.02861041,28.762621,6.00E-182,0.77,0.88
1,logistic predclass5 lisinopril  if sample_final==1 & _trans2==1,190,lisinopril,(max) lisinopril,-3.28,0.21856285,-15.029477,4.70E-51,-3.71,-2.86
1,logistic predclass5 multivitamin_mineral_preparation  if sample_final==1 & _trans2==1,191,multivitamin_mineral_preparation,(max) multivitamin_mineral_preparation,-1.64,0.15165083,-10.820409,2.80E-27,-1.94,-1.34
1,logistic predclass5 multivitamins  if sample_final==1 & _trans2==1,192,multivitamins,(max) multivitamins,-1.3,0.08484446,-15.357411,3.20E-53,-1.47,-1.14
1,logistic predclass5 omega_3_fish_oil_supplement  if sample_final==1 & _trans2==1,193,omega_3_fish_oil_supplement,(max) omega_3_fish_oil_supplement,-1.96,0.10016978,-19.54492,4.60E-85,-2.15,-1.76
1,logistic predclass5 omeprazole  if sample_final==1 & _trans2==1,194,omeprazole,(max) omeprazole,1.95,0.01896593,102.97371,0.00E+00,1.92,1.99
1,logistic predclass5 paracetamol  if sample_final==1 & _trans2==1,195,paracetamol,(max) paracetamol,1.63,0.01652275,98.447113,0.00E+00,1.59,1.66
1,logistic predclass5 perindopril  if sample_final==1 & _trans2==1,196,perindopril,(max) perindopril,-4.27,0.50021582,-8.5266963,1.50E-17,-5.25,-3.28
1,logistic predclass5 ramipril  if sample_final==1 & _trans2==1,197,ramipril,(max) ramipril,-3.36,0.17441391,-19.270958,9.40E-83,-3.7,-3.02
1,logistic predclass5 ranitidine  if sample_final==1 & _trans2==1,198,ranitidine,(max) ranitidine,1.23,0.03850867,31.817782,4.00E-222,1.15,1.3
1,logistic predclass5 salbutamol  if sample_final==1 & _trans2==1,199,salbutamol,(max) salbutamol,2.08,0.03554582,58.568156,0.00E+00,2.01,2.15
1,logistic predclass5 seretide_50_evohaler  if sample_final==1 & _trans2==1,200,seretide_50_evohaler,(max) seretide_50_evohaler,2.95,0.03178254,92.680123,0.00E+00,2.88,3.01
1,logistic predclass5 simvastatin  if sample_final==1 & _trans2==1,201,simvastatin,(max) simvastatin,-4.39,0.17432143,-25.1812,6.00E-140,-4.73,-4.05
1,logistic predclass5 thyroxine_product  if sample_final==1 & _trans2==1,202,thyroxine_product,(max) thyroxine_product,0.42,0.06016827,6.989794,2.80E-12,0.3,0.54
1,logistic predclass5 tramadol  if sample_final==1 & _trans2==1,203,tramadol,(max) tramadol,2.77,0.0331278,83.746952,0.00E+00,2.71,2.84
1,logistic predclass5 ventolin_100micrograms_inhaler  if sample_final==1 & _trans2==1,204,ventolin_100micrograms_inhaler,(max) ventolin_100micrograms_inhaler,2.28,0.0244766,93.085917,0.00E+00,2.23,2.33
1,logistic predclass5 vitamin_c_product  if sample_final==1 & _trans2==1,205,vitamin_c_product,(max) vitamin_c_product,-3.05,0.31667862,-9.6437909,5.20E-22,-3.67,-2.43
1,logistic predclass6 alendronate_sodium  if sample_final==1 & _trans2==1,206,alendronate_sodium,(max) alendronate_sodium,-0.97,0.03136035,-31.010226,4.00E-211,-1.03,-0.91
1,logistic predclass6 allopurinol  if sample_final==1 & _trans2==1,207,allopurinol,(max) allopurinol,-1.45,0.03637808,-39.830779,0.00E+00,-1.52,-1.38
1,logistic predclass6 amitriptyline  if sample_final==1 & _trans2==1,208,amitriptyline,(max) amitriptyline,-2.11,0.03747331,-56.206109,0.00E+00,-2.18,-2.03
1,logistic predclass6 amlodipine  if sample_final==1 & _trans2==1,209,amlodipine,(max) amlodipine,-7,0.22955981,-30.505493,2.00E-204,-7.45,-6.55
1,logistic predclass6 atenolol  if sample_final==1 & _trans2==1,210,atenolol,(max) atenolol,-4.39,0.0666271,-65.888842,0.00E+00,-4.52,-4.26
1,logistic predclass6 atorvastatin  if sample_final==1 & _trans2==1,211,_cons,Constant,0.1,0.00338948,28.53562,4.00E-179,0.09,0.1
1,logistic predclass6 bendroflumethiazide  if sample_final==1 & _trans2==1,212,bendroflumethiazide,(max) bendroflumethiazide,-5.38,0.08734236,-61.629457,0.00E+00,-5.55,-5.21
1,logistic predclass6 bisoprolol  if sample_final==1 & _trans2==1,213,bisoprolol,(max) bisoprolol,-3.35,0.06781926,-49.439027,0.00E+00,-3.49,-3.22
1,logistic predclass6 calcichew_d3_tablet  if sample_final==1 & _trans2==1,214,calcichew_d3_tablet,(max) calcichew_d3_tablet,-1.27,0.03674515,-34.432521,8.00E-260,-1.34,-1.19
1,logistic predclass6 candesartan_cilexetil  if sample_final==1 & _trans2==1,215,candesartan_cilexetil,(max) candesartan_cilexetil,-5.87,0.26767869,-21.91911,2.00E-106,-6.39,-5.34
1,logistic predclass6 cetirizine  if sample_final==1 & _trans2==1,216,cetirizine,(max) cetirizine,-1.31,0.03768414,-34.769554,7.00E-265,-1.38,-1.24
1,logistic predclass6 chondroitin_product  if sample_final==1 & _trans2==1,217,_cons,Constant,0.05,0.00335021,15.45264,7.20E-54,0.05,0.06
1,logistic predclass6 citalopram  if sample_final==1 & _trans2==1,218,citalopram,(max) citalopram,-0.97,0.02967201,-32.725781,7.00E-235,-1.03,-0.91
1,logistic predclass6 co_codamol  if sample_final==1 & _trans2==1,219,_cons,Constant,0.07,0.00336818,21.53243,8.00E-103,0.07,0.08
1,logistic predclass6 cod_liver_oil_capsule  if sample_final==1 & _trans2==1,220,cod_liver_oil_capsule,(max) cod_liver_oil_capsule,-1.91,0.01913646,-99.702337,0.00E+00,-1.95,-1.87
1,logistic predclass6 diclofenac  if sample_final==1 & _trans2==1,221,diclofenac,(max) diclofenac,-1.76,0.03100882,-56.828054,0.00E+00,-1.82,-1.7
1,logistic predclass6 doxazosin  if sample_final==1 & _trans2==1,222,doxazosin,(max) doxazosin,-4.21,0.11415834,-36.853567,3.00E-297,-4.43,-3.98
1,logistic predclass6 evening_primrose_oil  if sample_final==1 & _trans2==1,223,evening_primrose_oil,(max) evening_primrose_oil,-2.36,0.04680821,-50.504259,0.00E+00,-2.46,-2.27
1,logistic predclass6 fluoxetine  if sample_final==1 & _trans2==1,224,fluoxetine,(max) fluoxetine,-1.06,0.0371037,-28.485089,2.00E-178,-1.13,-0.98
1,logistic predclass6 garlic_product  if sample_final==1 & _trans2==1,225,_cons,Constant,0.05,0.00335052,15.557779,1.40E-54,0.05,0.06
1,logistic predclass6 glucosamine_product  if sample_final==1 & _trans2==1,226,_cons,Constant,0.19,0.00347343,54.150502,0.00E+00,0.18,0.19
1,logistic predclass6 ibuprofen  if sample_final==1 & _trans2==1,227,ibuprofen,(max) ibuprofen,-1.03,0.01165343,-88.538975,0.00E+00,-1.05,-1.01
1,logistic predclass6 insulin_product  if sample_final==1 & _trans2==1,228,insulin_product,(max) insulin_product,-3.04,0.07421962,-40.928434,0.00E+00,-3.18,-2.89
1,logistic predclass6 lansoprazole  if sample_final==1 & _trans2==1,229,lansoprazole,(max) lansoprazole,-1.58,0.02200445,-71.810941,0.00E+00,-1.62,-1.54
1,logistic predclass6 levothyroxine_sodium  if sample_final==1 & _trans2==1,230,levothyroxine_sodium,(max) levothyroxine_sodium,-0.7,0.01682995,-41.577453,0.00E+00,-0.73,-0.67
1,logistic predclass6 lisinopril  if sample_final==1 & _trans2==1,231,lisinopril,(max) lisinopril,-6.06,0.18283733,-33.16471,3.00E-241,-6.42,-5.71
1,logistic predclass6 multivitamin_mineral_preparation  if sample_final==1 & _trans2==1,232,multivitamin_mineral_preparation,(max) multivitamin_mineral_preparation,-1.8,0.04035328,-44.577497,0.00E+00,-1.88,-1.72
1,logistic predclass6 multivitamins  if sample_final==1 & _trans2==1,233,multivitamins,(max) multivitamins,-2.01,0.02868375,-70.21103,0.00E+00,-2.07,-1.96
1,logistic predclass6 omega_3_fish_oil_supplement  if sample_final==1 & _trans2==1,234,omega_3_fish_oil_supplement,(max) omega_3_fish_oil_supplement,-9.04,0.70716135,-12.780939,2.10E-37,-10.42,-7.65
1,logistic predclass6 omeprazole  if sample_final==1 & _trans2==1,235,omeprazole,(max) omeprazole,-1.54,0.01681432,-91.781053,0.00E+00,-1.58,-1.51
1,logistic predclass6 paracetamol  if sample_final==1 & _trans2==1,236,paracetamol,(max) paracetamol,-1.49,0.0101867,-146.74262,0.00E+00,-1.51,-1.47
1,logistic predclass6 perindopril  if sample_final==1 & _trans2==1,237,perindopril,(max) perindopril,-5.4,0.18616494,-28.998828,7.00E-185,-5.76,-5.03
1,logistic predclass6 ramipril  if sample_final==1 & _trans2==1,238,ramipril,(max) ramipril,-5.66,0.1134965,-49.862528,0.00E+00,-5.88,-5.44
1,logistic predclass6 ranitidine  if sample_final==1 & _trans2==1,239,ranitidine,(max) ranitidine,-1.55,0.03310462,-46.878717,0.00E+00,-1.62,-1.49
1,logistic predclass6 salbutamol  if sample_final==1 & _trans2==1,240,salbutamol,(max) salbutamol,-1.6,0.03996562,-39.964115,0.00E+00,-1.68,-1.52
1,logistic predclass6 seretide_50_evohaler  if sample_final==1 & _trans2==1,241,seretide_50_evohaler,(max) seretide_50_evohaler,-2,0.04629128,-43.266651,0.00E+00,-2.09,-1.91
1,logistic predclass6 simvastatin  if sample_final==1 & _trans2==1,242,simvastatin,(max) simvastatin,-11.16,0.99956389,-11.165718,6.00E-29,-13.12,-9.2
1,logistic predclass6 thyroxine_product  if sample_final==1 & _trans2==1,243,thyroxine_product,(max) thyroxine_product,-0.19,0.02967663,-6.3013953,2.90E-10,-0.25,-0.13
1,logistic predclass6 tramadol  if sample_final==1 & _trans2==1,244,_cons,Constant,0.04,0.00334391,13.284343,2.90E-40,0.04,0.05
1,logistic predclass6 ventolin_100micrograms_inhaler  if sample_final==1 & _trans2==1,245,ventolin_100micrograms_inhaler,(max) ventolin_100micrograms_inhaler,-0.83,0.02225277,-37.210243,5.00E-303,-0.87,-0.78
1,logistic predclass6 vitamin_c_product  if sample_final==1 & _trans2==1,246,vitamin_c_product,(max) vitamin_c_product,-2.39,0.05251068,-45.491586,0.00E+00,-2.49,-2.29
1,logistic predclass7 alendronate_sodium  if sample_final==1 & _trans2==1,247,alendronate_sodium,(max) alendronate_sodium,-0.07,0.05063232,-1.3808039,1.70E-01,-0.17,0.03
1,logistic predclass7 allopurinol  if sample_final==1 & _trans2==1,248,allopurinol,(max) allopurinol,-1.01,0.07807817,-12.887699,5.30E-38,-1.16,-0.85
1,logistic predclass7 amitriptyline  if sample_final==1 & _trans2==1,249,amitriptyline,(max) amitriptyline,-0.3,0.04722124,-6.4456968,1.20E-10,-0.4,-0.21
1,logistic predclass7 amlodipine  if sample_final==1 & _trans2==1,250,amlodipine,(max) amlodipine,-4.93,0.26742612,-18.425317,8.20E-76,-5.45,-4.4
1,logistic predclass7 atenolol  if sample_final==1 & _trans2==1,251,atenolol,(max) atenolol,-2.96,0.10585492,-27.927029,1.00E-171,-3.16,-2.75
1,logistic predclass7 atorvastatin  if sample_final==1 & _trans2==1,252,_cons,Constant,-2.27,0.00580654,-390.6445,0.00E+00,-2.28,-2.26
1,logistic predclass7 bendroflumethiazide  if sample_final==1 & _trans2==1,253,bendroflumethiazide,(max) bendroflumethiazide,-3.3,0.10242755,-32.232402,6.00E-228,-3.5,-3.1
1,logistic predclass7 bisoprolol  if sample_final==1 & _trans2==1,254,bisoprolol,(max) bisoprolol,-2.16,0.11786338,-18.336594,4.20E-75,-2.39,-1.93
1,logistic predclass7 calcichew_d3_tablet  if sample_final==1 & _trans2==1,255,calcichew_d3_tablet,(max) calcichew_d3_tablet,0.34,0.04719786,7.1130423,1.10E-12,0.24,0.43
1,logistic predclass7 candesartan_cilexetil  if sample_final==1 & _trans2==1,256,candesartan_cilexetil,(max) candesartan_cilexetil,-5.07,0.57756074,-8.7745674,1.70E-18,-6.2,-3.94
1,logistic predclass7 cetirizine  if sample_final==1 & _trans2==1,257,cetirizine,(max) cetirizine,0.17,0.05095309,3.2564159,1.10E-03,0.07,0.27
1,logistic predclass7 chondroitin_product  if sample_final==1 & _trans2==1,258,chondroitin_product,(max) chondroitin_product,3.49,0.031857,109.58499,0.00E+00,3.43,3.55
1,logistic predclass7 citalopram  if sample_final==1 & _trans2==1,259,citalopram,(max) citalopram,-0.23,0.05114956,-4.4631131,8.10E-06,-0.33,-0.13
1,logistic predclass7 co_codamol  if sample_final==1 & _trans2==1,260,co_codamol,(max) co_codamol,-0.14,0.03953074,-3.5591681,3.70E-04,-0.22,-0.06
1,logistic predclass7 cod_liver_oil_capsule  if sample_final==1 & _trans2==1,261,cod_liver_oil_capsule,(max) cod_liver_oil_capsule,2.95,0.01511223,195.37266,0.00E+00,2.92,2.98
1,logistic predclass7 diclofenac  if sample_final==1 & _trans2==1,262,diclofenac,(max) diclofenac,0.2,0.03625443,5.5984144,2.20E-08,0.13,0.27
1,logistic predclass7 doxazosin  if sample_final==1 & _trans2==1,263,doxazosin,(max) doxazosin,-3.67,0.27776728,-13.209359,7.70E-40,-4.21,-3.12
1,logistic predclass7 evening_primrose_oil  if sample_final==1 & _trans2==1,264,evening_primrose_oil,(max) evening_primrose_oil,3.18,0.02924244,108.64293,0.00E+00,3.12,3.23
1,logistic predclass7 fluoxetine  if sample_final==1 & _trans2==1,265,fluoxetine,(max) fluoxetine,-0.3,0.06465115,-4.6524763,3.30E-06,-0.43,-0.17
1,logistic predclass7 garlic_product  if sample_final==1 & _trans2==1,266,garlic_product,(max) garlic_product,2.93,0.02877027,101.9486,0.00E+00,2.88,2.99
1,logistic predclass7 glucosamine_product  if sample_final==1 & _trans2==1,267,glucosamine_product,(max) glucosamine_product,3.99,0.0157636,252.96386,0.00E+00,3.96,4.02
1,logistic predclass7 ibuprofen  if sample_final==1 & _trans2==1,268,ibuprofen,(max) ibuprofen,0.35,0.01676813,20.598728,2.80E-94,0.31,0.38
1,logistic predclass7 insulin_product  if sample_final==1 & _trans2==1,269,insulin_product,(max) insulin_product,-3.36,0.26778381,-12.538099,4.60E-36,-3.88,-2.83
1,logistic predclass7 lansoprazole  if sample_final==1 & _trans2==1,270,lansoprazole,(max) lansoprazole,-0.37,0.03450818,-10.74017,6.60E-27,-0.44,-0.3
1,logistic predclass7 levothyroxine_sodium  if sample_final==1 & _trans2==1,271,levothyroxine_sodium,(max) levothyroxine_sodium,0.05,0.02741938,1.8177516,6.90E-02,0,0.1
1,logistic predclass7 lisinopril  if sample_final==1 & _trans2==1,272,lisinopril,(max) lisinopril,-4.8,0.31641477,-15.177355,5.00E-52,-5.42,-4.18
1,logistic predclass7 multivitamin_mineral_preparation  if sample_final==1 & _trans2==1,273,multivitamin_mineral_preparation,(max) multivitamin_mineral_preparation,2.66,0.02936645,90.471033,0.00E+00,2.6,2.71
1,logistic predclass7 multivitamins  if sample_final==1 & _trans2==1,274,multivitamins,(max) multivitamins,2.88,0.02020751,142.35603,0.00E+00,2.84,2.92
1,logistic predclass7 omega_3_fish_oil_supplement  if sample_final==1 & _trans2==1,275,omega_3_fish_oil_supplement,(max) omega_3_fish_oil_supplement,3.39,0.01866727,181.43684,0.00E+00,3.35,3.42
1,logistic predclass7 omeprazole  if sample_final==1 & _trans2==1,276,omeprazole,(max) omeprazole,-0.26,0.02574806,-10.025953,1.20E-23,-0.31,-0.21
1,logistic predclass7 paracetamol  if sample_final==1 & _trans2==1,277,paracetamol,(max) paracetamol,0.13,0.01472134,9.1356181,6.50E-20,0.11,0.16
1,logistic predclass7 perindopril  if sample_final==1 & _trans2==1,278,perindopril,(max) perindopril,-5.04,0.50019662,-10.071962,7.30E-24,-6.02,-4.06
1,logistic predclass7 ramipril  if sample_final==1 & _trans2==1,279,ramipril,(max) ramipril,-4.5,0.2087049,-21.556035,5.00E-103,-4.91,-4.09
1,logistic predclass7 ranitidine  if sample_final==1 & _trans2==1,280,ranitidine,(max) ranitidine,-0.22,0.04870829,-4.4399828,9.00E-06,-0.31,-0.12
1,logistic predclass7 salbutamol  if sample_final==1 & _trans2==1,281,salbutamol,(max) salbutamol,-0.6,0.06826325,-8.8201858,1.10E-18,-0.74,-0.47
1,logistic predclass7 seretide_50_evohaler  if sample_final==1 & _trans2==1,282,seretide_50_evohaler,(max) seretide_50_evohaler,-0.46,0.06445595,-7.1119516,1.10E-12,-0.58,-0.33
1,logistic predclass7 simvastatin  if sample_final==1 & _trans2==1,283,simvastatin,(max) simvastatin,-6.72,0.37798291,-17.786606,9.00E-71,-7.46,-5.98
1,logistic predclass7 thyroxine_product  if sample_final==1 & _trans2==1,284,thyroxine_product,(max) thyroxine_product,0.16,0.04847471,3.2595285,1.10E-03,0.06,0.25
1,logistic predclass7 tramadol  if sample_final==1 & _trans2==1,285,tramadol,(max) tramadol,-0.86,0.07946168,-10.767023,4.90E-27,-1.01,-0.7
1,logistic predclass7 ventolin_100micrograms_inhaler  if sample_final==1 & _trans2==1,286,ventolin_100micrograms_inhaler,(max) ventolin_100micrograms_inhaler,-0.28,0.04029107,-6.8976282,5.30E-12,-0.36,-0.2
1,logistic predclass7 vitamin_c_product  if sample_final==1 & _trans2==1,287,vitamin_c_product,(max) vitamin_c_product,3.08,0.03188792,96.504557,0.00E+00,3.01,3.14
1,logistic predclass8 alendronate_sodium  if sample_final==1 & _trans2==1,288,alendronate_sodium,(max) alendronate_sodium,8.18,0.21159687,38.661642,0.00E+00,7.77,8.6
1,logistic predclass8 allopurinol  if sample_final==1 & _trans2==1,289,_cons,Constant,-5.9,0.03206944,-183.99764,0.00E+00,-5.96,-5.84
1,logistic predclass8 amitriptyline  if sample_final==1 & _trans2==1,290,amitriptyline,(max) amitriptyline,0.73,0.16387,4.4739911,7.70E-06,0.41,1.05
1,logistic predclass8 amlodipine  if sample_final==1 & _trans2==1,291,amlodipine,(max) amlodipine,-0.89,0.22073662,-4.0290683,5.60E-05,-1.32,-0.46
1,logistic predclass8 atenolol  if sample_final==1 & _trans2==1,292,atenolol,(max) atenolol,-1.65,0.33497648,-4.9170113,8.80E-07,-2.3,-0.99
1,logistic predclass8 atorvastatin  if sample_final==1 & _trans2==1,293,atorvastatin,(max) atorvastatin,-1.28,0.31798382,-4.0260776,5.70E-05,-1.9,-0.66
1,logistic predclass8 bendroflumethiazide  if sample_final==1 & _trans2==1,294,bendroflumethiazide,(max) bendroflumethiazide,-0.86,0.18863657,-4.5673652,4.90E-06,-1.23,-0.49
1,logistic predclass8 bisoprolol  if sample_final==1 & _trans2==1,295,bisoprolol,(max) bisoprolol,-1.47,0.50115416,-2.9278089,3.40E-03,-2.45,-0.49
1,logistic predclass8 calcichew_d3_tablet  if sample_final==1 & _trans2==1,296,calcichew_d3_tablet,(max) calcichew_d3_tablet,8.71,0.24529901,35.525374,2.00E-276,8.23,9.2
1,logistic predclass8 candesartan_cilexetil  if sample_final==1 & _trans2==1,297,candesartan_cilexetil,(max) candesartan_cilexetil,-0.61,0.37960129,-1.59547,1.10E-01,-1.35,0.14
1,logistic predclass8 cetirizine  if sample_final==1 & _trans2==1,298,cetirizine,(max) cetirizine,0.78,0.20727459,3.7553855,1.70E-04,0.37,1.18
1,logistic predclass8 chondroitin_product  if sample_final==1 & _trans2==1,299,chondroitin_product,(max) chondroitin_product,-0.48,0.33516463,-1.4237891,1.50E-01,-1.13,0.18
1,logistic predclass8 citalopram  if sample_final==1 & _trans2==1,300,citalopram,(max) citalopram,0.32,0.22101269,1.4612624,1.40E-01,-0.11,0.76
1,logistic predclass8 co_codamol  if sample_final==1 & _trans2==1,301,co_codamol,(max) co_codamol,0.63,0.15465098,4.0665445,4.80E-05,0.33,0.93
1,logistic predclass8 cod_liver_oil_capsule  if sample_final==1 & _trans2==1,302,cod_liver_oil_capsule,(max) cod_liver_oil_capsule,-0.44,0.15971023,-2.7290496,6.40E-03,-0.75,-0.12
1,logistic predclass8 diclofenac  if sample_final==1 & _trans2==1,303,diclofenac,(max) diclofenac,0.22,0.19549556,1.1180354,2.60E-01,-0.16,0.6
1,logistic predclass8 doxazosin  if sample_final==1 & _trans2==1,304,doxazosin,(max) doxazosin,-1.93,0.70797339,-2.7323857,6.30E-03,-3.32,-0.55
1,logistic predclass8 evening_primrose_oil  if sample_final==1 & _trans2==1,305,evening_primrose_oil,(max) evening_primrose_oil,-0.24,0.29078011,-0.80832977,4.20E-01,-0.8,0.33
1,logistic predclass8 fluoxetine  if sample_final==1 & _trans2==1,306,fluoxetine,(max) fluoxetine,-0.12,0.33528356,-0.36376489,7.20E-01,-0.78,0.54
1,logistic predclass8 garlic_product  if sample_final==1 & _trans2==1,307,garlic_product,(max) garlic_product,-1.31,0.50120697,-2.6056177,9.20E-03,-2.29,-0.32
1,logistic predclass8 glucosamine_product  if sample_final==1 & _trans2==1,308,glucosamine_product,(max) glucosamine_product,-0.28,0.13664787,-2.0551166,4.00E-02,-0.55,-0.01
1,logistic predclass8 ibuprofen  if sample_final==1 & _trans2==1,309,ibuprofen,(max) ibuprofen,-0.13,0.10812566,-1.1751054,2.40E-01,-0.34,0.08
1,logistic predclass8 insulin_product  if sample_final==1 & _trans2==1,310,insulin_product,(max) insulin_product,-1.7,0.7080112,-2.3983832,1.60E-02,-3.09,-0.31
1,logistic predclass8 lansoprazole  if sample_final==1 & _trans2==1,311,lansoprazole,(max) lansoprazole,0.49,0.13251603,3.7004533,2.20E-04,0.23,0.75
1,logistic predclass8 levothyroxine_sodium  if sample_final==1 & _trans2==1,312,levothyroxine_sodium,(max) levothyroxine_sodium,0.76,0.11148595,6.7960404,1.10E-11,0.54,0.98
1,logistic predclass8 lisinopril  if sample_final==1 & _trans2==1,313,lisinopril,(max) lisinopril,-0.92,0.27937442,-3.2847404,1.00E-03,-1.47,-0.37
1,logistic predclass8 multivitamin_mineral_preparation  if sample_final==1 & _trans2==1,314,multivitamin_mineral_preparation,(max) multivitamin_mineral_preparation,-0.19,0.30356643,-0.6290253,5.30E-01,-0.79,0.4
1,logistic predclass8 multivitamins  if sample_final==1 & _trans2==1,315,multivitamins,(max) multivitamins,-0.53,0.23809929,-2.2467211,2.50E-02,-1,-0.07
1,logistic predclass8 omega_3_fish_oil_supplement  if sample_final==1 & _trans2==1,316,omega_3_fish_oil_supplement,(max) omega_3_fish_oil_supplement,-0.13,0.1700344,-0.74612815,4.60E-01,-0.46,0.21
1,logistic predclass8 omeprazole  if sample_final==1 & _trans2==1,317,omeprazole,(max) omeprazole,0.61,0.10105288,5.9988228,2.00E-09,0.41,0.8
1,logistic predclass8 paracetamol  if sample_final==1 & _trans2==1,318,paracetamol,(max) paracetamol,0.18,0.07972866,2.2660113,2.30E-02,0.02,0.34
1,logistic predclass8 perindopril  if sample_final==1 & _trans2==1,319,perindopril,(max) perindopril,-0.5,0.31812277,-1.5816885,1.10E-01,-1.13,0.12
1,logistic predclass8 ramipril  if sample_final==1 & _trans2==1,320,ramipril,(max) ramipril,-1.01,0.22605544,-4.4570967,8.30E-06,-1.45,-0.56
1,logistic predclass8 ranitidine  if sample_final==1 & _trans2==1,321,ranitidine,(max) ranitidine,0.02,0.24501349,0.06602617,9.50E-01,-0.46,0.5
1,logistic predclass8 salbutamol  if sample_final==1 & _trans2==1,322,salbutamol,(max) salbutamol,0.43,0.23839304,1.7935257,7.30E-02,-0.04,0.89
1,logistic predclass8 seretide_50_evohaler  if sample_final==1 & _trans2==1,323,seretide_50_evohaler,(max) seretide_50_evohaler,0.49,0.2321841,2.1279662,3.30E-02,0.04,0.95
1,logistic predclass8 simvastatin  if sample_final==1 & _trans2==1,324,simvastatin,(max) simvastatin,-0.72,0.12415329,-5.827579,5.60E-09,-0.97,-0.48
1,logistic predclass8 thyroxine_product  if sample_final==1 & _trans2==1,325,thyroxine_product,(max) thyroxine_product,0.25,0.25251185,1.0034514,3.20E-01,-0.24,0.75
1,logistic predclass8 tramadol  if sample_final==1 & _trans2==1,326,tramadol,(max) tramadol,0.71,0.21622628,3.2895711,1.00E-03,0.29,1.14
1,logistic predclass8 ventolin_100micrograms_inhaler  if sample_final==1 & _trans2==1,327,ventolin_100micrograms_inhaler,(max) ventolin_100micrograms_inhaler,0,0.19905372,0.02286474,9.80E-01,-0.39,0.39
1,logistic predclass8 vitamin_c_product  if sample_final==1 & _trans2==1,328,vitamin_c_product,(max) vitamin_c_product,-0.21,0.31821151,-0.65938827,5.10E-01,-0.83,0.41
1,logistic predclass9 alendronate_sodium  if sample_final==1 & _trans2==1,329,alendronate_sodium,(max) alendronate_sodium,-0.04,0.06030448,-0.58608058,5.60E-01,-0.15,0.08
1,logistic predclass9 allopurinol  if sample_final==1 & _trans2==1,330,allopurinol,(max) allopurinol,1.39,0.03669871,37.969818,0.00E+00,1.32,1.47
1,logistic predclass9 amitriptyline  if sample_final==1 & _trans2==1,331,amitriptyline,(max) amitriptyline,0.65,0.03890267,16.71696,9.90E-63,0.57,0.73
1,logistic predclass9 amlodipine  if sample_final==1 & _trans2==1,332,amlodipine,(max) amlodipine,1.29,0.02093275,61.760499,0.00E+00,1.25,1.33
1,logistic predclass9 atenolol  if sample_final==1 & _trans2==1,333,atenolol,(max) atenolol,1.69,0.01997406,84.497113,0.00E+00,1.65,1.73
1,logistic predclass9 atorvastatin  if sample_final==1 & _trans2==1,334,atorvastatin,(max) atorvastatin,6.01,0.03420486,175.64332,0.00E+00,5.94,6.07
1,logistic predclass9 bendroflumethiazide  if sample_final==1 & _trans2==1,335,bendroflumethiazide,(max) bendroflumethiazide,0.98,0.02026537,48.246621,0.00E+00,0.94,1.02
1,logistic predclass9 bisoprolol  if sample_final==1 & _trans2==1,336,bisoprolol,(max) bisoprolol,2.13,0.02770098,76.844624,0.00E+00,2.07,2.18
1,logistic predclass9 calcichew_d3_tablet  if sample_final==1 & _trans2==1,337,calcichew_d3_tablet,(max) calcichew_d3_tablet,-0.15,0.06899981,-2.1081854,3.50E-02,-0.28,-0.01
1,logistic predclass9 candesartan_cilexetil  if sample_final==1 & _trans2==1,338,candesartan_cilexetil,(max) candesartan_cilexetil,1.32,0.03785028,34.908265,6.00E-267,1.25,1.4
1,logistic predclass9 cetirizine  if sample_final==1 & _trans2==1,339,cetirizine,(max) cetirizine,0.35,0.05658713,6.2649285,3.70E-10,0.24,0.47
1,logistic predclass9 chondroitin_product  if sample_final==1 & _trans2==1,340,chondroitin_product,(max) chondroitin_product,-5.16,0.70726603,-7.2920281,3.10E-13,-6.54,-3.77
1,logistic predclass9 citalopram  if sample_final==1 & _trans2==1,341,citalopram,(max) citalopram,0.41,0.04752778,8.6192348,6.70E-18,0.32,0.5
1,logistic predclass9 co_codamol  if sample_final==1 & _trans2==1,342,co_codamol,(max) co_codamol,0.79,0.03325252,23.880611,5.00E-126,0.73,0.86
1,logistic predclass9 cod_liver_oil_capsule  if sample_final==1 & _trans2==1,343,cod_liver_oil_capsule,(max) cod_liver_oil_capsule,-1.27,0.04952582,-25.719682,7.00E-146,-1.37,-1.18
1,logistic predclass9 diclofenac  if sample_final==1 & _trans2==1,344,diclofenac,(max) diclofenac,0.22,0.04311022,5.1770911,2.30E-07,0.14,0.31
1,logistic predclass9 doxazosin  if sample_final==1 & _trans2==1,345,doxazosin,(max) doxazosin,1.52,0.03472594,43.723171,0.00E+00,1.45,1.59
1,logistic predclass9 evening_primrose_oil  if sample_final==1 & _trans2==1,346,evening_primrose_oil,(max) evening_primrose_oil,-2.37,0.17216269,-13.743209,5.60E-43,-2.7,-2.03
1,logistic predclass9 fluoxetine  if sample_final==1 & _trans2==1,347,fluoxetine,(max) fluoxetine,0.53,0.05545956,9.4955716,2.20E-21,0.42,0.64
1,logistic predclass9 garlic_product  if sample_final==1 & _trans2==1,348,garlic_product,(max) garlic_product,-1.86,0.1369461,-13.589817,4.60E-42,-2.13,-1.59
1,logistic predclass9 glucosamine_product  if sample_final==1 & _trans2==1,349,glucosamine_product,(max) glucosamine_product,-1.55,0.05142167,-30.214644,2.00E-200,-1.65,-1.45
1,logistic predclass9 ibuprofen  if sample_final==1 & _trans2==1,350,ibuprofen,(max) ibuprofen,-0.62,0.02826789,-21.808807,2.00E-105,-0.67,-0.56
1,logistic predclass9 insulin_product  if sample_final==1 & _trans2==1,351,insulin_product,(max) insulin_product,2.34,0.03327894,70.264648,0.00E+00,2.27,2.4
1,logistic predclass9 lansoprazole  if sample_final==1 & _trans2==1,352,lansoprazole,(max) lansoprazole,1.05,0.02482397,42.296624,0.00E+00,1,1.1
1,logistic predclass9 levothyroxine_sodium  if sample_final==1 & _trans2==1,353,levothyroxine_sodium,(max) levothyroxine_sodium,0.54,0.02753392,19.545224,4.50E-85,0.48,0.59
1,logistic predclass9 lisinopril  if sample_final==1 & _trans2==1,354,lisinopril,(max) lisinopril,1.17,0.02602476,44.806863,0.00E+00,1.12,1.22
1,logistic predclass9 multivitamin_mineral_preparation  if sample_final==1 & _trans2==1,355,multivitamin_mineral_preparation,(max) multivitamin_mineral_preparation,-1.58,0.12505712,-12.611422,1.80E-36,-1.82,-1.33
1,logistic predclass9 multivitamins  if sample_final==1 & _trans2==1,356,multivitamins,(max) multivitamins,-1.46,0.0780485,-18.770247,1.30E-78,-1.62,-1.31
1,logistic predclass9 omega_3_fish_oil_supplement  if sample_final==1 & _trans2==1,357,omega_3_fish_oil_supplement,(max) omega_3_fish_oil_supplement,-0.96,0.05297102,-18.040766,9.30E-73,-1.06,-0.85
1,logistic predclass9 omeprazole  if sample_final==1 & _trans2==1,358,omeprazole,(max) omeprazole,1.04,0.02015316,51.732855,0.00E+00,1,1.08
1,logistic predclass9 paracetamol  if sample_final==1 & _trans2==1,359,paracetamol,(max) paracetamol,0.11,0.01783534,6.1135491,9.70E-10,0.07,0.14
1,logistic predclass9 perindopril  if sample_final==1 & _trans2==1,360,perindopril,(max) perindopril,1.64,0.03096019,52.907857,0.00E+00,1.58,1.7
1,logistic predclass9 ramipril  if sample_final==1 & _trans2==1,361,ramipril,(max) ramipril,1.69,0.01879137,90.187038,0.00E+00,1.66,1.73
1,logistic predclass9 ranitidine  if sample_final==1 & _trans2==1,362,ranitidine,(max) ranitidine,0.91,0.03792843,23.885085,4.00E-126,0.83,0.98
1,logistic predclass9 salbutamol  if sample_final==1 & _trans2==1,363,salbutamol,(max) salbutamol,0.69,0.04836241,14.279201,2.90E-46,0.6,0.79
1,logistic predclass9 seretide_50_evohaler  if sample_final==1 & _trans2==1,364,seretide_50_evohaler,(max) seretide_50_evohaler,0.23,0.05834246,3.8997745,9.60E-05,0.11,0.34
1,logistic predclass9 simvastatin  if sample_final==1 & _trans2==1,365,_cons,Constant,-2.59,0.00702839,-368.71851,0.00E+00,-2.61,-2.58
1,logistic predclass9 thyroxine_product  if sample_final==1 & _trans2==1,366,thyroxine_product,(max) thyroxine_product,-0.12,0.06540433,-1.7657427,7.70E-02,-0.24,0.01
1,logistic predclass9 tramadol  if sample_final==1 & _trans2==1,367,tramadol,(max) tramadol,0.98,0.04530341,21.594726,2.00E-103,0.89,1.07
1,logistic predclass9 ventolin_100micrograms_inhaler  if sample_final==1 & _trans2==1,368,ventolin_100micrograms_inhaler,(max) ventolin_100micrograms_inhaler,-0.15,0.04643112,-3.333303,8.60E-04,-0.25,-0.06
1,logistic predclass9 vitamin_c_product  if sample_final==1 & _trans2==1,369,vitamin_c_product,(max) vitamin_c_product,-1.6,0.13122534,-12.169762,4.50E-34,-1.85,-1.34
